dataTest.id,inclinacion_peligrosa
18754,0.184756790250955
48072,0.0687238493723849
35491,0.184756790250955
41297,0.0405371798060184
29371,0.184756790250955
12040,0.0405371798060184
21182,0.0687238493723849
16917,0.0405371798060184
25964,0.0687238493723849
47859,0.0405371798060184
31694,0.0687238493723849
44505,0.0687238493723849
35914,0.184756790250955
16184,0.0687238493723849
34252,0.184756790250955
3853,0.184756790250955
11227,0.0687238493723849
16776,0.0687238493723849
34029,0.0405371798060184
4281,0.184756790250955
21386,0.0687238493723849
44915,0.0687238493723849
46659,0.184756790250955
28792,0.0405371798060184
46809,0.184756790250955
7460,0.0687238493723849
43482,0.0687238493723849
32398,0.0687238493723849
47211,0.184756790250955
33459,0.0405371798060184
15629,0.0687238493723849
41709,0.184756790250955
47462,0.184756790250955
11934,0.0687238493723849
39667,0.184756790250955
16482,0.0687238493723849
7776,0.184756790250955
10249,0.0687238493723849
41576,0.0687238493723849
26378,0.0687238493723849
14531,0.0687238493723849
45960,0.0687238493723849
7992,0.0405371798060184
11030,0.0405371798060184
42832,0.184756790250955
26979,0.184756790250955
16668,0.0687238493723849
5858,0.0405371798060184
41188,0.184756790250955
19890,0.0687238493723849
14337,0.0687238493723849
44482,0.0687238493723849
42456,0.0405371798060184
30206,0.0687238493723849
44181,0.184756790250955
1071,0.0687238493723849
16700,0.0405371798060184
25845,0.0405371798060184
39864,0.184756790250955
14799,0.0687238493723849
5945,0.184756790250955
14827,0.184756790250955
41282,0.0405371798060184
37305,0.0687238493723849
21011,0.0687238493723849
42519,0.0687238493723849
27030,0.184756790250955
30602,0.0687238493723849
17065,0.184756790250955
41135,0.0687238493723849
414,0.184756790250955
27514,0.184756790250955
31039,0.0687238493723849
4862,0.0687238493723849
47264,0.0405371798060184
19494,0.184756790250955
32380,0.0687238493723849
30954,0.0405371798060184
32952,0.184756790250955
24120,0.0405371798060184
716,0.0687238493723849
38979,0.184756790250955
46279,0.184756790250955
38426,0.0687238493723849
39232,0.184756790250955
44361,0.0405371798060184
23696,0.0405371798060184
27779,0.184756790250955
2539,0.184756790250955
8851,0.0405371798060184
3856,0.184756790250955
25010,0.184756790250955
20130,0.0687238493723849
7953,0.184756790250955
23213,0.184756790250955
44241,0.0687238493723849
14436,0.184756790250955
27349,0.0405371798060184
40725,0.0687238493723849
15654,0.184756790250955
40228,0.0405371798060184
15127,0.184756790250955
43920,0.184756790250955
29455,0.184756790250955
29262,0.0687238493723849
9875,0.0687238493723849
19147,0.184756790250955
12245,0.0687238493723849
12449,0.184756790250955
4804,0.184756790250955
20259,0.0405371798060184
1248,0.0687238493723849
35212,0.0405371798060184
5761,0.184756790250955
21409,0.0687238493723849
23820,0.0687238493723849
19771,0.0687238493723849
39581,0.184756790250955
13158,0.0405371798060184
23942,0.184756790250955
41068,0.184756790250955
2510,0.0405371798060184
33891,0.184756790250955
23760,0.0687238493723849
32643,0.184756790250955
47092,0.0687238493723849
12167,0.184756790250955
42053,0.0405371798060184
15678,0.0687238493723849
33469,0.0687238493723849
12237,0.184756790250955
32957,0.184756790250955
26559,0.0687238493723849
2470,0.0405371798060184
915,0.0405371798060184
1973,0.0687238493723849
44661,0.184756790250955
17420,0.0687238493723849
46969,0.0687238493723849
17544,0.184756790250955
11771,0.184756790250955
44280,0.0405371798060184
5193,0.0687238493723849
3968,0.0687238493723849
46311,0.184756790250955
24479,0.184756790250955
35377,0.0687238493723849
25931,0.184756790250955
39997,0.184756790250955
4857,0.184756790250955
35743,0.0687238493723849
27761,0.0405371798060184
11127,0.184756790250955
15301,0.0405371798060184
18171,0.0687238493723849
4363,0.184756790250955
44986,0.0687238493723849
41677,0.0405371798060184
30852,0.0687238493723849
31769,0.0687238493723849
20169,0.0405371798060184
22385,0.0405371798060184
14876,0.0687238493723849
41620,0.0687238493723849
48291,0.184756790250955
31779,0.0687238493723849
34924,0.0687238493723849
3652,0.184756790250955
45148,0.0405371798060184
29816,0.0687238493723849
1824,0.0687238493723849
40116,0.0687238493723849
23489,0.184756790250955
9010,0.0687238493723849
12176,0.184756790250955
35268,0.0687238493723849
45474,0.0405371798060184
40538,0.184756790250955
35444,0.184756790250955
41877,0.0405371798060184
32641,0.0687238493723849
9282,0.184756790250955
15281,0.0687238493723849
9128,0.184756790250955
27962,0.184756790250955
38573,0.0405371798060184
35954,0.184756790250955
24634,0.0687238493723849
48286,0.184756790250955
30941,0.0687238493723849
44240,0.0687238493723849
11627,0.184756790250955
25350,0.0687238493723849
6162,0.0687238493723849
4744,0.184756790250955
862,0.0687238493723849
21844,0.0687238493723849
23006,0.0687238493723849
43688,0.0405371798060184
11695,0.184756790250955
20697,0.0687238493723849
39588,0.184756790250955
34176,0.184756790250955
24323,0.0687238493723849
47427,0.0687238493723849
34099,0.184756790250955
2509,0.0405371798060184
17976,0.184756790250955
4071,0.0687238493723849
42907,0.0687238493723849
20281,0.0687238493723849
16296,0.184756790250955
38194,0.0687238493723849
24346,0.0687238493723849
6217,0.0687238493723849
28874,0.0687238493723849
35922,0.184756790250955
30108,0.0687238493723849
26557,0.0687238493723849
22236,0.0405371798060184
19419,0.0687238493723849
11828,0.0687238493723849
19120,0.184756790250955
29637,0.0687238493723849
26118,0.184756790250955
13056,0.0405371798060184
34658,0.184756790250955
15977,0.0687238493723849
17498,0.184756790250955
23369,0.0687238493723849
23991,0.184756790250955
11729,0.184756790250955
44680,0.184756790250955
29998,0.0687238493723849
34357,0.184756790250955
33532,0.0405371798060184
11382,0.0687238493723849
5325,0.184756790250955
34433,0.184756790250955
21289,0.0687238493723849
36700,0.184756790250955
7199,0.0687238493723849
35822,0.184756790250955
11897,0.0687238493723849
5042,0.0687238493723849
609,0.0405371798060184
3831,0.184756790250955
33213,0.0687238493723849
43145,0.0687238493723849
6681,0.0687238493723849
26909,0.0405371798060184
34085,0.0687238493723849
38220,0.184756790250955
21004,0.0687238493723849
27339,0.0405371798060184
16576,0.184756790250955
36718,0.184756790250955
46766,0.184756790250955
32243,0.0405371798060184
28154,0.0687238493723849
3633,0.0405371798060184
12446,0.184756790250955
10142,0.0687238493723849
39026,0.184756790250955
44128,0.0687238493723849
40452,0.0687238493723849
34039,0.184756790250955
40997,0.184756790250955
36403,0.184756790250955
44720,0.184756790250955
38722,0.184756790250955
23790,0.184756790250955
16692,0.0687238493723849
1001,0.0405371798060184
18801,0.184756790250955
24356,0.0405371798060184
41954,0.184756790250955
45147,0.0405371798060184
33225,0.0687238493723849
24149,0.0687238493723849
26818,0.0405371798060184
12008,0.184756790250955
10911,0.0687238493723849
3187,0.184756790250955
4989,0.184756790250955
43409,0.0687238493723849
29767,0.184756790250955
10147,0.0687238493723849
20018,0.0687238493723849
14793,0.184756790250955
7376,0.184756790250955
34191,0.184756790250955
30805,0.0405371798060184
41356,0.0687238493723849
25715,0.184756790250955
16254,0.0687238493723849
38013,0.184756790250955
11602,0.0687238493723849
31305,0.184756790250955
44599,0.0687238493723849
6727,0.0687238493723849
4680,0.0687238493723849
10024,0.0687238493723849
37784,0.0405371798060184
5223,0.0687238493723849
23491,0.184756790250955
20815,0.184756790250955
37888,0.0405371798060184
12607,0.184756790250955
4612,0.0405371798060184
10772,0.184756790250955
34527,0.0687238493723849
45321,0.184756790250955
17769,0.184756790250955
6048,0.0687238493723849
22276,0.0405371798060184
21178,0.0687238493723849
8299,0.0687238493723849
37793,0.0405371798060184
5394,0.0687238493723849
24022,0.184756790250955
27809,0.184756790250955
20471,0.0687238493723849
44233,0.0687238493723849
24999,0.184756790250955
21320,0.0405371798060184
26870,0.0687238493723849
5510,0.184756790250955
40336,0.0405371798060184
21639,0.0405371798060184
4331,0.0687238493723849
1341,0.0687238493723849
19613,0.184756790250955
6395,0.184756790250955
1852,0.0687238493723849
14345,0.184756790250955
46749,0.184756790250955
20791,0.184756790250955
11685,0.184756790250955
23076,0.0687238493723849
44266,0.0687238493723849
35750,0.184756790250955
9305,0.184756790250955
361,0.184756790250955
18094,0.184756790250955
12756,0.184756790250955
43734,0.0405371798060184
11433,0.0687238493723849
17867,0.184756790250955
31919,0.184756790250955
39476,0.0687238493723849
44408,0.0687238493723849
34482,0.184756790250955
32559,0.184756790250955
37768,0.0405371798060184
40511,0.0687238493723849
40415,0.0687238493723849
28928,0.0687238493723849
42686,0.0405371798060184
1547,0.184756790250955
12424,0.0687238493723849
21267,0.184756790250955
16169,0.184756790250955
23176,0.0687238493723849
42052,0.0405371798060184
24119,0.184756790250955
17708,0.0687238493723849
16567,0.184756790250955
41883,0.0405371798060184
31031,0.0405371798060184
10607,0.184756790250955
3950,0.0405371798060184
18746,0.184756790250955
46503,0.0405371798060184
39509,0.0687238493723849
13425,0.184756790250955
5062,0.184756790250955
9039,0.184756790250955
34444,0.184756790250955
17855,0.0687238493723849
13330,0.184756790250955
36401,0.0687238493723849
9433,0.184756790250955
12507,0.184756790250955
46714,0.184756790250955
35249,0.0687238493723849
20254,0.0405371798060184
35622,0.0687238493723849
30679,0.0405371798060184
31538,0.184756790250955
43018,0.0687238493723849
38035,0.0405371798060184
21697,0.184756790250955
33220,0.184756790250955
40234,0.0405371798060184
24328,0.184756790250955
43455,0.0687238493723849
17585,0.184756790250955
34588,0.0687238493723849
40948,0.0687238493723849
42540,0.184756790250955
22506,0.184756790250955
33959,0.184756790250955
4150,0.184756790250955
17929,0.184756790250955
15420,0.0687238493723849
29160,0.184756790250955
30945,0.0687238493723849
17576,0.0687238493723849
11457,0.0687238493723849
28210,0.184756790250955
17125,0.184756790250955
45398,0.0405371798060184
10004,0.0405371798060184
32663,0.0405371798060184
24916,0.184756790250955
2772,0.0687238493723849
7420,0.0405371798060184
6200,0.0687238493723849
17996,0.0687238493723849
23629,0.0687238493723849
16647,0.0687238493723849
19835,0.184756790250955
39399,0.0687238493723849
43535,0.0687238493723849
12543,0.184756790250955
43248,0.0687238493723849
33825,0.0687238493723849
36092,0.0687238493723849
28331,0.184756790250955
11466,0.0687238493723849
24818,0.184756790250955
13659,0.0687238493723849
8797,0.184756790250955
11439,0.0687238493723849
8631,0.184756790250955
15723,0.0687238493723849
24784,0.184756790250955
37684,0.0405371798060184
47424,0.184756790250955
5817,0.0687238493723849
30629,0.0687238493723849
3009,0.0687238493723849
949,0.0687238493723849
8352,0.184756790250955
12992,0.184756790250955
33906,0.184756790250955
5361,0.0687238493723849
18971,0.184756790250955
4034,0.0687238493723849
32040,0.0687238493723849
31698,0.0687238493723849
40697,0.0687238493723849
22178,0.0405371798060184
24852,0.0405371798060184
39349,0.184756790250955
2180,0.184756790250955
21758,0.184756790250955
6938,0.0687238493723849
47068,0.184756790250955
25344,0.0687238493723849
41722,0.184756790250955
26148,0.0405371798060184
37295,0.184756790250955
22901,0.184756790250955
23191,0.184756790250955
34565,0.0687238493723849
12971,0.184756790250955
6456,0.0687238493723849
4894,0.0687238493723849
36248,0.0687238493723849
5807,0.0687238493723849
6250,0.0687238493723849
3276,0.184756790250955
42079,0.0405371798060184
27227,0.184756790250955
46077,0.0687238493723849
38016,0.184756790250955
29580,0.184756790250955
28142,0.184756790250955
5215,0.0687238493723849
48121,0.0687238493723849
12310,0.0687238493723849
22824,0.0687238493723849
17814,0.0687238493723849
34622,0.0405371798060184
12262,0.184756790250955
18064,0.184756790250955
19213,0.184756790250955
7024,0.184756790250955
31099,0.0687238493723849
17031,0.0687238493723849
36848,0.184756790250955
12772,0.184756790250955
9332,0.0687238493723849
20327,0.0687238493723849
26595,0.0687238493723849
19772,0.184756790250955
25812,0.0687238493723849
7214,0.184756790250955
48042,0.184756790250955
18554,0.0687238493723849
39350,0.0687238493723849
30451,0.0687238493723849
18323,0.0687238493723849
27835,0.184756790250955
47150,0.0405371798060184
39503,0.184756790250955
16304,0.184756790250955
20221,0.184756790250955
26298,0.0405371798060184
24801,0.0687238493723849
17723,0.0687238493723849
38403,0.0687238493723849
8387,0.184756790250955
24559,0.184756790250955
36369,0.0687238493723849
23252,0.184756790250955
47221,0.184756790250955
35066,0.0405371798060184
25372,0.184756790250955
5829,0.0687238493723849
6635,0.0405371798060184
29576,0.0687238493723849
8838,0.0405371798060184
24832,0.0687238493723849
20633,0.0405371798060184
46557,0.0687238493723849
29879,0.0405371798060184
47406,0.184756790250955
6537,0.0405371798060184
42115,0.0687238493723849
1939,0.0687238493723849
8290,0.0687238493723849
39016,0.0687238493723849
34351,0.184756790250955
15877,0.0687238493723849
32299,0.0687238493723849
27541,0.0405371798060184
34150,0.184756790250955
18992,0.184756790250955
33290,0.0687238493723849
432,0.184756790250955
39891,0.184756790250955
24710,0.0687238493723849
1278,0.0687238493723849
9193,0.0405371798060184
5520,0.184756790250955
25711,0.184756790250955
35535,0.0687238493723849
6869,0.184756790250955
42054,0.0687238493723849
27824,0.184756790250955
25358,0.184756790250955
23486,0.184756790250955
34124,0.0687238493723849
17390,0.184756790250955
24501,0.0687238493723849
22085,0.0405371798060184
18886,0.184756790250955
15736,0.0687238493723849
18002,0.184756790250955
11922,0.184756790250955
16627,0.184756790250955
48014,0.0405371798060184
18360,0.0687238493723849
19916,0.184756790250955
3704,0.184756790250955
18836,0.184756790250955
10140,0.0405371798060184
7258,0.0687238493723849
42384,0.184756790250955
23151,0.0405371798060184
48158,0.184756790250955
40001,0.184756790250955
33867,0.0687238493723849
38817,0.0687238493723849
24309,0.0687238493723849
39964,0.184756790250955
7922,0.184756790250955
35685,0.0405371798060184
34880,0.0405371798060184
34476,0.0405371798060184
21978,0.184756790250955
26392,0.0687238493723849
36850,0.0405371798060184
22120,0.0405371798060184
16693,0.0687238493723849
27175,0.0687238493723849
21070,0.184756790250955
437,0.0687238493723849
5704,0.0405371798060184
24146,0.184756790250955
16273,0.184756790250955
34460,0.184756790250955
13903,0.0687238493723849
24337,0.0687238493723849
46361,0.184756790250955
709,0.0687238493723849
3880,0.0687238493723849
33121,0.0687238493723849
24355,0.0687238493723849
36831,0.0687238493723849
12105,0.184756790250955
13772,0.0405371798060184
15177,0.0687238493723849
16160,0.184756790250955
28757,0.184756790250955
20024,0.0687238493723849
25405,0.184756790250955
35208,0.0405371798060184
13830,0.184756790250955
22690,0.184756790250955
40264,0.184756790250955
16613,0.0687238493723849
33567,0.0405371798060184
16483,0.0687238493723849
27166,0.0687238493723849
45839,0.184756790250955
96,0.0405371798060184
3467,0.184756790250955
20182,0.0405371798060184
9999,0.0687238493723849
6560,0.184756790250955
44710,0.0405371798060184
13784,0.184756790250955
22055,0.184756790250955
20626,0.0687238493723849
27967,0.184756790250955
17916,0.0687238493723849
11437,0.0687238493723849
38437,0.0405371798060184
37599,0.0687238493723849
36625,0.184756790250955
9239,0.0687238493723849
36853,0.0405371798060184
39921,0.184756790250955
27438,0.0687238493723849
34082,0.0687238493723849
27903,0.0687238493723849
39410,0.184756790250955
38226,0.184756790250955
35912,0.184756790250955
20744,0.0405371798060184
14423,0.0687238493723849
14152,0.184756790250955
20057,0.0687238493723849
34022,0.184756790250955
45080,0.0405371798060184
42235,0.184756790250955
31650,0.184756790250955
39384,0.0687238493723849
33670,0.184756790250955
21434,0.184756790250955
44830,0.184756790250955
36422,0.0687238493723849
24867,0.0405371798060184
5789,0.0687238493723849
36587,0.0405371798060184
24404,0.0687238493723849
40345,0.0405371798060184
1613,0.184756790250955
19567,0.184756790250955
35138,0.0405371798060184
9327,0.0687238493723849
16049,0.184756790250955
46228,0.184756790250955
6238,0.0687238493723849
27599,0.0405371798060184
18799,0.184756790250955
40667,0.0405371798060184
27594,0.0405371798060184
41319,0.0687238493723849
29441,0.184756790250955
875,0.0687238493723849
15531,0.0687238493723849
10175,0.0687238493723849
883,0.0687238493723849
34424,0.0405371798060184
15117,0.0405371798060184
1081,0.0687238493723849
39564,0.0405371798060184
12690,0.0687238493723849
18522,0.0687238493723849
14907,0.0687238493723849
24546,0.184756790250955
8651,0.0405371798060184
21018,0.0687238493723849
18307,0.0687238493723849
17727,0.0687238493723849
22599,0.0687238493723849
7534,0.0405371798060184
12709,0.0687238493723849
38186,0.0687238493723849
856,0.0687238493723849
30165,0.0687238493723849
792,0.0687238493723849
26212,0.184756790250955
45848,0.184756790250955
32367,0.0405371798060184
43812,0.0687238493723849
1218,0.0687238493723849
13262,0.184756790250955
10443,0.0405371798060184
3805,0.0687238493723849
7122,0.0405371798060184
32132,0.184756790250955
41995,0.0687238493723849
21493,0.0687238493723849
21131,0.0687238493723849
43953,0.0687238493723849
39109,0.0405371798060184
3405,0.184756790250955
42151,0.0687238493723849
10725,0.184756790250955
37255,0.0687238493723849
42276,0.0687238493723849
30274,0.0687238493723849
8274,0.0405371798060184
36515,0.184756790250955
29470,0.184756790250955
43393,0.0405371798060184
19106,0.184756790250955
11011,0.0687238493723849
27176,0.0687238493723849
47787,0.0687238493723849
18045,0.184756790250955
7851,0.0687238493723849
34613,0.0687238493723849
41380,0.0687238493723849
23575,0.0687238493723849
28696,0.0405371798060184
30066,0.0687238493723849
2411,0.0687238493723849
15513,0.0687238493723849
12964,0.0687238493723849
24383,0.184756790250955
10795,0.0405371798060184
13514,0.184756790250955
8865,0.184756790250955
8191,0.184756790250955
28692,0.184756790250955
18031,0.184756790250955
5885,0.0687238493723849
12715,0.0687238493723849
24561,0.184756790250955
919,0.0687238493723849
5297,0.0687238493723849
29297,0.184756790250955
9752,0.0687238493723849
29645,0.184756790250955
30053,0.0687238493723849
8820,0.184756790250955
39322,0.184756790250955
7349,0.0405371798060184
17979,0.184756790250955
25891,0.0687238493723849
25673,0.0687238493723849
28298,0.0687238493723849
31030,0.0405371798060184
19671,0.184756790250955
1274,0.184756790250955
11235,0.184756790250955
22262,0.0405371798060184
21638,0.0687238493723849
43247,0.184756790250955
19808,0.184756790250955
33234,0.0687238493723849
2902,0.0687238493723849
24371,0.0405371798060184
37908,0.184756790250955
17712,0.0687238493723849
11104,0.0687238493723849
21062,0.184756790250955
26885,0.0687238493723849
17683,0.184756790250955
28813,0.0405371798060184
133,0.0687238493723849
23522,0.184756790250955
13020,0.0687238493723849
15288,0.0687238493723849
25198,0.184756790250955
38412,0.0687238493723849
24223,0.0687238493723849
8917,0.184756790250955
18219,0.0687238493723849
36923,0.184756790250955
39370,0.0687238493723849
28991,0.0687238493723849
19403,0.184756790250955
45025,0.184756790250955
32845,0.0405371798060184
330,0.0687238493723849
48217,0.184756790250955
11941,0.184756790250955
5621,0.0687238493723849
32100,0.0687238493723849
42688,0.184756790250955
26972,0.0405371798060184
46005,0.184756790250955
1796,0.0405371798060184
42405,0.0687238493723849
14165,0.0687238493723849
17939,0.0405371798060184
36966,0.0405371798060184
44509,0.0405371798060184
9127,0.184756790250955
26562,0.0687238493723849
36715,0.0687238493723849
858,0.0687238493723849
28253,0.184756790250955
39515,0.0687238493723849
1197,0.0687238493723849
13314,0.0687238493723849
43357,0.0405371798060184
104,0.0687238493723849
5177,0.0687238493723849
43060,0.0687238493723849
2086,0.0687238493723849
11956,0.0687238493723849
21483,0.0405371798060184
16138,0.184756790250955
37555,0.184756790250955
46029,0.0687238493723849
42774,0.0687238493723849
17436,0.184756790250955
20501,0.0687238493723849
2891,0.184756790250955
8867,0.184756790250955
4577,0.0687238493723849
33203,0.0687238493723849
33486,0.0405371798060184
16509,0.0687238493723849
39402,0.184756790250955
1604,0.0687238493723849
48359,0.184756790250955
22634,0.0687238493723849
34736,0.184756790250955
5513,0.184756790250955
41515,0.184756790250955
3442,0.0405371798060184
26155,0.184756790250955
36059,0.0687238493723849
20348,0.0405371798060184
37758,0.0687238493723849
26377,0.0687238493723849
47889,0.184756790250955
299,0.0687238493723849
37426,0.184756790250955
8926,0.0687238493723849
3743,0.0405371798060184
40590,0.184756790250955
1386,0.0687238493723849
20131,0.0687238493723849
30028,0.0687238493723849
16766,0.184756790250955
40344,0.0405371798060184
17913,0.0687238493723849
44615,0.184756790250955
37195,0.184756790250955
44681,0.184756790250955
30991,0.0405371798060184
22448,0.0405371798060184
31289,0.184756790250955
35522,0.0405371798060184
31345,0.184756790250955
29796,0.184756790250955
15894,0.0687238493723849
14830,0.184756790250955
7600,0.184756790250955
28675,0.0687238493723849
37601,0.0687238493723849
42609,0.184756790250955
47935,0.184756790250955
15948,0.0687238493723849
38544,0.0405371798060184
11023,0.0687238493723849
32712,0.0405371798060184
47334,0.184756790250955
5662,0.0687238493723849
40657,0.0405371798060184
7816,0.184756790250955
13737,0.0687238493723849
13084,0.0687238493723849
45755,0.0687238493723849
38453,0.0687238493723849
38445,0.184756790250955
47598,0.0687238493723849
31216,0.184756790250955
37215,0.0687238493723849
41409,0.0405371798060184
44452,0.0687238493723849
38610,0.184756790250955
48106,0.184756790250955
21283,0.0687238493723849
38521,0.0687238493723849
13656,0.184756790250955
27001,0.0687238493723849
25119,0.0687238493723849
12220,0.184756790250955
34095,0.0687238493723849
23073,0.0405371798060184
20763,0.184756790250955
36244,0.184756790250955
36362,0.0687238493723849
10782,0.0687238493723849
1036,0.0687238493723849
29677,0.0687238493723849
35636,0.0687238493723849
39295,0.0405371798060184
34492,0.184756790250955
25925,0.0405371798060184
36260,0.0405371798060184
11490,0.184756790250955
31028,0.0405371798060184
38036,0.0405371798060184
24175,0.0687238493723849
41518,0.184756790250955
47630,0.0687238493723849
28003,0.184756790250955
8855,0.0687238493723849
6994,0.184756790250955
39953,0.184756790250955
37743,0.184756790250955
23222,0.184756790250955
40381,0.0687238493723849
13269,0.0687238493723849
10476,0.184756790250955
42270,0.184756790250955
8552,0.0687238493723849
9098,0.0687238493723849
9137,0.0405371798060184
33989,0.0405371798060184
40751,0.184756790250955
29529,0.184756790250955
23922,0.0687238493723849
2676,0.0687238493723849
34214,0.0405371798060184
26180,0.0405371798060184
4653,0.0687238493723849
24643,0.184756790250955
13290,0.0687238493723849
47005,0.0687238493723849
30960,0.0405371798060184
37842,0.184756790250955
26501,0.0687238493723849
27382,0.0687238493723849
42055,0.0405371798060184
29328,0.0687238493723849
5803,0.0687238493723849
28598,0.184756790250955
23610,0.0687238493723849
42475,0.184756790250955
27055,0.0687238493723849
23933,0.184756790250955
33934,0.0687238493723849
45860,0.184756790250955
3591,0.0687238493723849
5064,0.0687238493723849
48119,0.184756790250955
19215,0.184756790250955
12109,0.184756790250955
12282,0.0687238493723849
29421,0.0687238493723849
13209,0.0405371798060184
40752,0.184756790250955
26484,0.0405371798060184
12278,0.184756790250955
2102,0.184756790250955
33049,0.0405371798060184
2272,0.0687238493723849
15337,0.0687238493723849
18490,0.0687238493723849
5617,0.0687238493723849
29202,0.0687238493723849
8404,0.0687238493723849
39670,0.0687238493723849
26343,0.0405371798060184
20533,0.0687238493723849
38018,0.0687238493723849
11604,0.0687238493723849
23422,0.184756790250955
2752,0.0405371798060184
11319,0.0405371798060184
34595,0.0687238493723849
45277,0.0405371798060184
18013,0.184756790250955
31675,0.184756790250955
13808,0.184756790250955
20455,0.0405371798060184
14804,0.184756790250955
9455,0.0405371798060184
33503,0.0687238493723849
48244,0.0687238493723849
27354,0.0405371798060184
34034,0.0405371798060184
38581,0.0405371798060184
23897,0.184756790250955
26419,0.0405371798060184
11338,0.0687238493723849
23520,0.184756790250955
36142,0.184756790250955
47323,0.184756790250955
3308,0.0687238493723849
30824,0.184756790250955
30361,0.184756790250955
47748,0.0405371798060184
25974,0.184756790250955
45231,0.0687238493723849
44900,0.184756790250955
29121,0.0687238493723849
35780,0.184756790250955
4000,0.0687238493723849
5382,0.0687238493723849
3291,0.184756790250955
46517,0.184756790250955
10070,0.0687238493723849
38826,0.184756790250955
30648,0.0405371798060184
26306,0.0687238493723849
27091,0.0687238493723849
4538,0.0687238493723849
43564,0.0687238493723849
15668,0.0687238493723849
33059,0.184756790250955
22386,0.0405371798060184
41753,0.184756790250955
43537,0.0687238493723849
22115,0.184756790250955
41323,0.0687238493723849
3733,0.184756790250955
9279,0.0687238493723849
15870,0.184756790250955
41955,0.184756790250955
27025,0.0687238493723849
47398,0.0687238493723849
32530,0.0405371798060184
996,0.184756790250955
44938,0.184756790250955
21309,0.0687238493723849
5687,0.0687238493723849
36110,0.0405371798060184
21571,0.0405371798060184
30644,0.184756790250955
146,0.0405371798060184
10531,0.0687238493723849
15165,0.0687238493723849
37311,0.184756790250955
40236,0.184756790250955
660,0.0687238493723849
45191,0.0405371798060184
3232,0.0687238493723849
36148,0.0405371798060184
27574,0.0687238493723849
360,0.184756790250955
34518,0.184756790250955
47479,0.0405371798060184
31332,0.0687238493723849
10353,0.0687238493723849
45990,0.184756790250955
32376,0.0687238493723849
26674,0.184756790250955
10603,0.184756790250955
34780,0.184756790250955
32963,0.0405371798060184
37313,0.184756790250955
13348,0.0405371798060184
26,0.184756790250955
1138,0.0687238493723849
16833,0.0687238493723849
173,0.0687238493723849
854,0.0687238493723849
29662,0.0687238493723849
5292,0.0687238493723849
2238,0.184756790250955
12462,0.0687238493723849
26178,0.0405371798060184
5551,0.184756790250955
46479,0.0687238493723849
13893,0.0687238493723849
40859,0.0687238493723849
3173,0.184756790250955
15075,0.0405371798060184
11896,0.0687238493723849
27471,0.0687238493723849
38969,0.184756790250955
23036,0.184756790250955
14302,0.0405371798060184
29734,0.0687238493723849
25229,0.0405371798060184
14855,0.0687238493723849
18118,0.0687238493723849
8458,0.0405371798060184
36610,0.184756790250955
9629,0.184756790250955
39793,0.184756790250955
12803,0.0687238493723849
9321,0.0687238493723849
32000,0.184756790250955
5202,0.0687238493723849
47450,0.0687238493723849
43664,0.0687238493723849
18526,0.0405371798060184
0,0.0687238493723849
3776,0.184756790250955
1788,0.0405371798060184
17971,0.184756790250955
21490,0.0687238493723849
12438,0.0405371798060184
21926,0.184756790250955
4737,0.0687238493723849
43806,0.0405371798060184
44847,0.0405371798060184
41527,0.184756790250955
23640,0.0687238493723849
44114,0.184756790250955
39204,0.0405371798060184
514,0.184756790250955
6908,0.0687238493723849
7074,0.0687238493723849
33517,0.0687238493723849
36929,0.0405371798060184
6259,0.0687238493723849
42035,0.184756790250955
27186,0.0405371798060184
5696,0.184756790250955
27978,0.184756790250955
23729,0.184756790250955
9923,0.0687238493723849
41261,0.0687238493723849
7240,0.0687238493723849
24201,0.0687238493723849
45385,0.0687238493723849
17545,0.184756790250955
26012,0.184756790250955
12945,0.0405371798060184
18247,0.184756790250955
9796,0.184756790250955
34473,0.184756790250955
15692,0.0687238493723849
7165,0.184756790250955
46136,0.184756790250955
41081,0.0687238493723849
31237,0.0687238493723849
5502,0.0687238493723849
9434,0.184756790250955
29137,0.184756790250955
3261,0.0405371798060184
3532,0.0687238493723849
4846,0.0405371798060184
16981,0.0687238493723849
39084,0.184756790250955
45532,0.0405371798060184
32121,0.184756790250955
4388,0.0405371798060184
11992,0.0687238493723849
15360,0.0687238493723849
18317,0.0687238493723849
34422,0.0405371798060184
37584,0.0687238493723849
1518,0.0687238493723849
11597,0.0687238493723849
30381,0.0687238493723849
35019,0.0687238493723849
16621,0.184756790250955
32339,0.0687238493723849
2753,0.0687238493723849
41866,0.0687238493723849
33404,0.184756790250955
17500,0.184756790250955
46211,0.184756790250955
357,0.0405371798060184
13689,0.184756790250955
18783,0.184756790250955
21703,0.0687238493723849
9756,0.0687238493723849
3778,0.184756790250955
34189,0.184756790250955
18860,0.184756790250955
25720,0.184756790250955
3399,0.184756790250955
1730,0.0687238493723849
23667,0.0405371798060184
32170,0.184756790250955
35417,0.184756790250955
39534,0.184756790250955
1520,0.0405371798060184
8087,0.0687238493723849
15065,0.0687238493723849
30059,0.184756790250955
27157,0.0405371798060184
4446,0.0687238493723849
26700,0.0405371798060184
32885,0.184756790250955
35056,0.0405371798060184
26648,0.0687238493723849
30720,0.0405371798060184
28609,0.184756790250955
23503,0.0405371798060184
41202,0.0405371798060184
23602,0.184756790250955
35246,0.184756790250955
3806,0.0687238493723849
14514,0.0687238493723849
1816,0.184756790250955
1767,0.0687238493723849
7527,0.0687238493723849
3140,0.184756790250955
16763,0.0687238493723849
47513,0.0687238493723849
30999,0.0405371798060184
39836,0.184756790250955
18387,0.184756790250955
38576,0.0405371798060184
16128,0.184756790250955
17350,0.184756790250955
12647,0.184756790250955
24153,0.0405371798060184
1665,0.184756790250955
15598,0.0687238493723849
1448,0.0687238493723849
31930,0.0405371798060184
5289,0.184756790250955
14157,0.0687238493723849
38400,0.0687238493723849
43942,0.0687238493723849
5642,0.0687238493723849
32593,0.0687238493723849
18582,0.184756790250955
950,0.0405371798060184
43193,0.184756790250955
17400,0.0687238493723849
11044,0.0405371798060184
34556,0.0687238493723849
35219,0.184756790250955
35847,0.184756790250955
42685,0.184756790250955
18935,0.184756790250955
17714,0.0687238493723849
4941,0.184756790250955
12866,0.0687238493723849
26067,0.184756790250955
43910,0.0687238493723849
5341,0.184756790250955
8589,0.184756790250955
21702,0.0405371798060184
8791,0.184756790250955
28099,0.0687238493723849
45735,0.0405371798060184
43654,0.0687238493723849
22814,0.0687238493723849
30950,0.0405371798060184
11960,0.0687238493723849
5121,0.0687238493723849
46016,0.0687238493723849
14914,0.0687238493723849
326,0.0687238493723849
26821,0.0687238493723849
14757,0.0687238493723849
12763,0.0405371798060184
46674,0.184756790250955
34117,0.184756790250955
5119,0.0687238493723849
1854,0.0687238493723849
6403,0.184756790250955
5685,0.0687238493723849
7157,0.0687238493723849
8436,0.0687238493723849
11197,0.184756790250955
5,0.184756790250955
11914,0.184756790250955
34421,0.0405371798060184
11984,0.0687238493723849
27843,0.0687238493723849
4451,0.184756790250955
20100,0.0687238493723849
8761,0.0405371798060184
6044,0.0687238493723849
15184,0.0687238493723849
10949,0.0687238493723849
13526,0.0405371798060184
12017,0.0687238493723849
39723,0.184756790250955
44147,0.0405371798060184
3534,0.0687238493723849
6386,0.0405371798060184
42976,0.0687238493723849
4021,0.0405371798060184
21569,0.0405371798060184
43282,0.184756790250955
9418,0.0687238493723849
13259,0.184756790250955
46059,0.0405371798060184
27065,0.0405371798060184
20615,0.0687238493723849
24229,0.0687238493723849
16321,0.184756790250955
15910,0.184756790250955
11577,0.0687238493723849
33699,0.184756790250955
27500,0.184756790250955
39563,0.0687238493723849
1910,0.0687238493723849
3102,0.0687238493723849
35838,0.0405371798060184
17398,0.0687238493723849
33269,0.0405371798060184
36087,0.0687238493723849
18147,0.0405371798060184
12198,0.0687238493723849
12558,0.0687238493723849
4840,0.0687238493723849
4916,0.0687238493723849
28890,0.0687238493723849
15273,0.0405371798060184
13080,0.184756790250955
46014,0.0687238493723849
32548,0.0687238493723849
6507,0.0687238493723849
11726,0.184756790250955
23198,0.0687238493723849
14760,0.0405371798060184
23402,0.184756790250955
22130,0.0687238493723849
39300,0.0405371798060184
43748,0.0405371798060184
3732,0.0405371798060184
32865,0.184756790250955
19844,0.0687238493723849
8649,0.184756790250955
19882,0.184756790250955
33672,0.184756790250955
38676,0.0405371798060184
16475,0.0687238493723849
23544,0.184756790250955
14127,0.0405371798060184
28091,0.0687238493723849
25072,0.0405371798060184
2228,0.184756790250955
39660,0.184756790250955
31013,0.0405371798060184
38810,0.184756790250955
28014,0.184756790250955
29352,0.0687238493723849
40414,0.0687238493723849
18395,0.184756790250955
2365,0.0405371798060184
20675,0.0687238493723849
34819,0.184756790250955
11580,0.0687238493723849
9652,0.0687238493723849
6512,0.0687238493723849
39966,0.184756790250955
4336,0.184756790250955
47527,0.184756790250955
35117,0.184756790250955
25306,0.0687238493723849
15648,0.0687238493723849
34301,0.184756790250955
46617,0.184756790250955
41334,0.0687238493723849
12406,0.184756790250955
21022,0.0687238493723849
47720,0.0405371798060184
6124,0.184756790250955
41459,0.0687238493723849
30612,0.184756790250955
33636,0.0687238493723849
12458,0.184756790250955
12758,0.0687238493723849
22227,0.0405371798060184
20549,0.0405371798060184
26984,0.0687238493723849
44387,0.0687238493723849
13231,0.0687238493723849
34360,0.184756790250955
27038,0.0687238493723849
8414,0.0405371798060184
26106,0.184756790250955
4660,0.184756790250955
47948,0.0687238493723849
33168,0.0687238493723849
26606,0.0687238493723849
45479,0.184756790250955
20354,0.0405371798060184
28175,0.0687238493723849
13349,0.0405371798060184
45505,0.0405371798060184
37497,0.0405371798060184
4003,0.0405371798060184
47695,0.184756790250955
42768,0.0687238493723849
20696,0.0687238493723849
27159,0.184756790250955
13904,0.0687238493723849
15498,0.0687238493723849
20580,0.0687238493723849
95,0.184756790250955
40506,0.0405371798060184
25435,0.0405371798060184
1662,0.0687238493723849
14895,0.0687238493723849
22079,0.0405371798060184
32162,0.0405371798060184
30680,0.0687238493723849
14240,0.184756790250955
32642,0.184756790250955
47526,0.184756790250955
4269,0.0687238493723849
11077,0.0687238493723849
14549,0.0687238493723849
31188,0.184756790250955
21854,0.184756790250955
5835,0.0687238493723849
12638,0.0687238493723849
21734,0.184756790250955
11193,0.0687238493723849
5368,0.0687238493723849
40010,0.184756790250955
40429,0.0405371798060184
26906,0.0687238493723849
7161,0.0687238493723849
26462,0.0405371798060184
25287,0.184756790250955
19767,0.184756790250955
31494,0.0405371798060184
43232,0.0687238493723849
28571,0.184756790250955
24260,0.0687238493723849
20869,0.184756790250955
45686,0.0405371798060184
45153,0.0687238493723849
24601,0.0687238493723849
17522,0.184756790250955
13798,0.184756790250955
40803,0.0687238493723849
22461,0.184756790250955
29032,0.0687238493723849
36054,0.184756790250955
31458,0.0687238493723849
3869,0.184756790250955
4564,0.0687238493723849
15482,0.0687238493723849
44035,0.0687238493723849
28957,0.0687238493723849
11798,0.184756790250955
19923,0.184756790250955
42885,0.184756790250955
35112,0.184756790250955
15963,0.184756790250955
10778,0.0687238493723849
7623,0.184756790250955
27329,0.0687238493723849
30411,0.184756790250955
11336,0.0687238493723849
24691,0.0687238493723849
28275,0.0687238493723849
10084,0.184756790250955
20855,0.0405371798060184
34821,0.184756790250955
6167,0.0687238493723849
42342,0.184756790250955
29359,0.184756790250955
37707,0.0405371798060184
45099,0.0405371798060184
40043,0.184756790250955
42655,0.0405371798060184
44887,0.0687238493723849
35774,0.0405371798060184
17720,0.0687238493723849
43875,0.184756790250955
27008,0.0687238493723849
28362,0.184756790250955
11087,0.184756790250955
1697,0.0687238493723849
30030,0.0687238493723849
28753,0.184756790250955
1283,0.0687238493723849
28427,0.0687238493723849
24928,0.0405371798060184
40451,0.0687238493723849
33352,0.0687238493723849
16626,0.0405371798060184
25298,0.184756790250955
7494,0.184756790250955
1638,0.0687238493723849
34793,0.184756790250955
7089,0.0405371798060184
7409,0.0405371798060184
41772,0.184756790250955
41881,0.0405371798060184
9360,0.0687238493723849
8629,0.0687238493723849
15530,0.0687238493723849
30241,0.0687238493723849
17245,0.184756790250955
13795,0.0687238493723849
1579,0.0405371798060184
27785,0.0687238493723849
14489,0.184756790250955
47767,0.0687238493723849
23912,0.184756790250955
47118,0.0687238493723849
31283,0.184756790250955
39601,0.184756790250955
17462,0.0687238493723849
20309,0.0405371798060184
45501,0.0687238493723849
24461,0.0687238493723849
2273,0.0405371798060184
15081,0.0687238493723849
9210,0.184756790250955
10486,0.184756790250955
40652,0.184756790250955
22741,0.184756790250955
6221,0.184756790250955
20648,0.0405371798060184
18856,0.0687238493723849
2185,0.0687238493723849
37222,0.0687238493723849
25321,0.0405371798060184
42565,0.184756790250955
13434,0.184756790250955
45226,0.184756790250955
12755,0.184756790250955
38045,0.184756790250955
5731,0.184756790250955
10158,0.0405371798060184
10630,0.184756790250955
29466,0.184756790250955
1569,0.184756790250955
21217,0.0687238493723849
24262,0.184756790250955
294,0.184756790250955
38033,0.0405371798060184
46186,0.184756790250955
2992,0.0405371798060184
47504,0.184756790250955
12972,0.0687238493723849
11021,0.0687238493723849
30655,0.0687238493723849
37274,0.184756790250955
29038,0.184756790250955
34663,0.0405371798060184
21498,0.0687238493723849
16075,0.0687238493723849
507,0.184756790250955
13823,0.0687238493723849
40828,0.0687238493723849
18978,0.184756790250955
22489,0.0687238493723849
12904,0.0687238493723849
1065,0.184756790250955
34824,0.184756790250955
38464,0.0687238493723849
21278,0.184756790250955
24428,0.184756790250955
3608,0.0687238493723849
31709,0.0687238493723849
46057,0.0405371798060184
19974,0.184756790250955
9588,0.184756790250955
18537,0.184756790250955
33553,0.184756790250955
15206,0.0687238493723849
12007,0.0687238493723849
10784,0.0687238493723849
23771,0.184756790250955
48112,0.184756790250955
46431,0.184756790250955
32261,0.0687238493723849
30027,0.0687238493723849
45680,0.184756790250955
36775,0.184756790250955
35706,0.184756790250955
14234,0.0687238493723849
16909,0.184756790250955
2566,0.0687238493723849
11207,0.184756790250955
38484,0.0687238493723849
27211,0.0687238493723849
13074,0.184756790250955
12281,0.0687238493723849
32414,0.0687238493723849
43051,0.184756790250955
8222,0.0687238493723849
39666,0.184756790250955
22,0.0405371798060184
34379,0.0687238493723849
10835,0.0687238493723849
15883,0.184756790250955
3635,0.0687238493723849
1423,0.184756790250955
1847,0.0687238493723849
11248,0.0687238493723849
8431,0.0687238493723849
18069,0.184756790250955
31395,0.0405371798060184
36073,0.0405371798060184
20715,0.0687238493723849
26426,0.0687238493723849
26509,0.0687238493723849
130,0.0687238493723849
34519,0.184756790250955
43442,0.184756790250955
43832,0.0687238493723849
23935,0.184756790250955
44597,0.0687238493723849
7008,0.0687238493723849
25977,0.0687238493723849
24041,0.184756790250955
46060,0.0405371798060184
11143,0.0687238493723849
13059,0.184756790250955
37581,0.0687238493723849
16932,0.184756790250955
833,0.0687238493723849
29538,0.184756790250955
38037,0.0687238493723849
23860,0.184756790250955
43480,0.0687238493723849
35305,0.184756790250955
40323,0.0687238493723849
44614,0.184756790250955
37952,0.184756790250955
44551,0.0405371798060184
2678,0.0687238493723849
47206,0.184756790250955
16602,0.184756790250955
45426,0.0687238493723849
1030,0.0687238493723849
43816,0.0405371798060184
25564,0.184756790250955
2773,0.0687238493723849
5464,0.0687238493723849
10738,0.0687238493723849
16899,0.0687238493723849
39152,0.0405371798060184
29760,0.184756790250955
43166,0.184756790250955
6292,0.184756790250955
10840,0.184756790250955
45547,0.184756790250955
46764,0.184756790250955
41712,0.184756790250955
43135,0.0687238493723849
11676,0.0405371798060184
44438,0.0687238493723849
20366,0.184756790250955
10108,0.0687238493723849
19900,0.0687238493723849
35146,0.184756790250955
21135,0.0687238493723849
32996,0.184756790250955
21366,0.0687238493723849
24033,0.184756790250955
48130,0.0687238493723849
40809,0.0687238493723849
15591,0.0687238493723849
9413,0.0687238493723849
40662,0.0405371798060184
35581,0.184756790250955
13358,0.184756790250955
29358,0.184756790250955
34427,0.0405371798060184
18324,0.0687238493723849
18875,0.0687238493723849
13338,0.0687238493723849
3851,0.184756790250955
23292,0.0405371798060184
109,0.0687238493723849
25729,0.0405371798060184
31895,0.0405371798060184
5822,0.0687238493723849
22395,0.0687238493723849
32298,0.0405371798060184
47651,0.184756790250955
2314,0.0687238493723849
14264,0.184756790250955
39131,0.184756790250955
28851,0.184756790250955
33386,0.0687238493723849
21200,0.184756790250955
18576,0.184756790250955
10697,0.184756790250955
26682,0.184756790250955
30986,0.0405371798060184
6782,0.184756790250955
23883,0.0687238493723849
29356,0.184756790250955
22161,0.184756790250955
37665,0.0687238493723849
22203,0.184756790250955
17011,0.184756790250955
48268,0.0687238493723849
36590,0.0687238493723849
11296,0.0405371798060184
13099,0.184756790250955
18936,0.0687238493723849
41365,0.0687238493723849
31987,0.0687238493723849
47514,0.184756790250955
22089,0.0687238493723849
21698,0.0405371798060184
1485,0.0687238493723849
6568,0.184756790250955
45454,0.0405371798060184
3980,0.184756790250955
45059,0.0687238493723849
4437,0.0687238493723849
36391,0.0405371798060184
8896,0.184756790250955
1885,0.0687238493723849
3655,0.184756790250955
11509,0.0405371798060184
30330,0.184756790250955
26729,0.184756790250955
32751,0.0405371798060184
37224,0.0405371798060184
41203,0.0405371798060184
20761,0.0687238493723849
48264,0.0405371798060184
33991,0.0405371798060184
6828,0.0687238493723849
931,0.0687238493723849
31380,0.0405371798060184
36371,0.184756790250955
24338,0.184756790250955
37087,0.184756790250955
44353,0.0687238493723849
36666,0.0405371798060184
13770,0.0687238493723849
2577,0.0405371798060184
16183,0.0687238493723849
5787,0.0687238493723849
23659,0.0687238493723849
46180,0.184756790250955
29064,0.0687238493723849
9681,0.0405371798060184
34708,0.184756790250955
13446,0.0405371798060184
23020,0.184756790250955
23730,0.0687238493723849
6578,0.184756790250955
25856,0.184756790250955
6000,0.184756790250955
12832,0.184756790250955
18366,0.0687238493723849
41428,0.0405371798060184
12079,0.0405371798060184
14727,0.184756790250955
16946,0.184756790250955
29930,0.0687238493723849
2187,0.184756790250955
28171,0.0687238493723849
1465,0.0687238493723849
38980,0.184756790250955
22318,0.0405371798060184
13664,0.0687238493723849
28971,0.0687238493723849
35109,0.0405371798060184
31576,0.0687238493723849
30874,0.0687238493723849
2697,0.0687238493723849
36050,0.184756790250955
15138,0.0687238493723849
38724,0.184756790250955
43642,0.0687238493723849
25094,0.184756790250955
17753,0.0687238493723849
44995,0.0687238493723849
39318,0.184756790250955
6673,0.0405371798060184
1563,0.0687238493723849
14730,0.0687238493723849
42196,0.0405371798060184
29414,0.0687238493723849
13887,0.0687238493723849
26333,0.0405371798060184
32063,0.184756790250955
23756,0.184756790250955
37406,0.0687238493723849
21259,0.184756790250955
31888,0.0687238493723849
17983,0.0687238493723849
16940,0.184756790250955
713,0.0687238493723849
20877,0.0687238493723849
11406,0.184756790250955
38871,0.184756790250955
29863,0.0687238493723849
36598,0.0687238493723849
48326,0.0687238493723849
33531,0.0687238493723849
42074,0.0687238493723849
20151,0.0687238493723849
9387,0.0405371798060184
20591,0.0687238493723849
21958,0.184756790250955
23037,0.184756790250955
15356,0.184756790250955
25952,0.0687238493723849
8211,0.184756790250955
11029,0.184756790250955
17915,0.0687238493723849
18853,0.0687238493723849
47210,0.184756790250955
4423,0.0687238493723849
18822,0.184756790250955
17225,0.0687238493723849
45964,0.0405371798060184
39484,0.0687238493723849
41071,0.184756790250955
20524,0.184756790250955
16305,0.184756790250955
39944,0.184756790250955
10188,0.0687238493723849
4714,0.0687238493723849
3872,0.184756790250955
5150,0.184756790250955
46327,0.184756790250955
29195,0.0687238493723849
29179,0.0687238493723849
18857,0.184756790250955
20897,0.184756790250955
26968,0.0405371798060184
3425,0.0687238493723849
40416,0.0687238493723849
4456,0.184756790250955
33599,0.184756790250955
33949,0.0405371798060184
19946,0.184756790250955
11703,0.0687238493723849
31998,0.0687238493723849
42849,0.0687238493723849
29335,0.184756790250955
36218,0.0405371798060184
42571,0.184756790250955
3597,0.184756790250955
41394,0.184756790250955
7737,0.0687238493723849
4410,0.0687238493723849
3302,0.0687238493723849
33849,0.184756790250955
28417,0.184756790250955
5533,0.184756790250955
26515,0.0687238493723849
6807,0.0405371798060184
25304,0.184756790250955
35892,0.0687238493723849
9071,0.0687238493723849
28977,0.184756790250955
19469,0.184756790250955
22052,0.0687238493723849
5581,0.0405371798060184
8684,0.0405371798060184
28452,0.184756790250955
20431,0.0687238493723849
35644,0.184756790250955
46187,0.184756790250955
25976,0.184756790250955
28945,0.0687238493723849
39996,0.0687238493723849
19296,0.184756790250955
16104,0.0687238493723849
12523,0.0687238493723849
40470,0.0687238493723849
35298,0.0687238493723849
8116,0.0687238493723849
47013,0.0687238493723849
772,0.0687238493723849
12059,0.0687238493723849
31264,0.0687238493723849
21983,0.0687238493723849
47433,0.184756790250955
41284,0.0687238493723849
35433,0.184756790250955
42721,0.0405371798060184
36607,0.0687238493723849
12929,0.0687238493723849
4776,0.184756790250955
46411,0.0405371798060184
28824,0.0687238493723849
43089,0.184756790250955
22967,0.184756790250955
32802,0.0687238493723849
25868,0.184756790250955
21544,0.184756790250955
10747,0.184756790250955
44815,0.0405371798060184
35339,0.184756790250955
41611,0.0687238493723849
37043,0.0687238493723849
33946,0.0405371798060184
28704,0.184756790250955
19390,0.0687238493723849
8691,0.184756790250955
5826,0.0687238493723849
3181,0.0687238493723849
12253,0.0405371798060184
37018,0.0687238493723849
2275,0.0687238493723849
23285,0.184756790250955
41330,0.0687238493723849
19965,0.184756790250955
32731,0.184756790250955
41368,0.0687238493723849
23126,0.0687238493723849
11916,0.184756790250955
35419,0.0405371798060184
22112,0.0405371798060184
20088,0.184756790250955
18648,0.0687238493723849
46161,0.184756790250955
34998,0.0405371798060184
13465,0.184756790250955
46781,0.0687238493723849
28894,0.0687238493723849
38713,0.0687238493723849
25074,0.0405371798060184
14920,0.0687238493723849
3019,0.0687238493723849
26762,0.0687238493723849
39714,0.184756790250955
26232,0.0405371798060184
45676,0.0405371798060184
5133,0.0687238493723849
30145,0.0405371798060184
36749,0.0687238493723849
17047,0.0687238493723849
36876,0.184756790250955
8604,0.184756790250955
26955,0.184756790250955
26077,0.0687238493723849
3620,0.0687238493723849
27089,0.0687238493723849
2485,0.0687238493723849
45346,0.184756790250955
40497,0.0405371798060184
46225,0.0687238493723849
40787,0.0687238493723849
27449,0.0405371798060184
4627,0.184756790250955
24102,0.0405371798060184
9051,0.184756790250955
1154,0.0405371798060184
41991,0.0687238493723849
1709,0.0687238493723849
34936,0.0405371798060184
33248,0.184756790250955
48247,0.184756790250955
30707,0.0687238493723849
32106,0.184756790250955
16354,0.0687238493723849
29858,0.0687238493723849
36761,0.0687238493723849
38735,0.0687238493723849
33229,0.0687238493723849
39748,0.184756790250955
42297,0.184756790250955
39708,0.184756790250955
39544,0.0405371798060184
2382,0.0405371798060184
13524,0.184756790250955
21670,0.0405371798060184
7638,0.0405371798060184
19264,0.184756790250955
29191,0.0405371798060184
44875,0.184756790250955
13828,0.0687238493723849
9488,0.0405371798060184
46645,0.0687238493723849
8195,0.0687238493723849
47987,0.184756790250955
1027,0.0687238493723849
15720,0.184756790250955
4870,0.0687238493723849
25661,0.184756790250955
25507,0.0405371798060184
34240,0.0405371798060184
48367,0.184756790250955
27977,0.184756790250955
25382,0.0687238493723849
38517,0.0405371798060184
37294,0.0687238493723849
25777,0.0687238493723849
29237,0.0405371798060184
10903,0.184756790250955
21519,0.184756790250955
9634,0.184756790250955
41695,0.184756790250955
13100,0.0687238493723849
27984,0.0687238493723849
20826,0.184756790250955
25783,0.184756790250955
35459,0.184756790250955
1880,0.0687238493723849
13089,0.184756790250955
17520,0.0687238493723849
46472,0.184756790250955
41139,0.0687238493723849
2351,0.0405371798060184
26510,0.0687238493723849
34660,0.184756790250955
43006,0.0405371798060184
39323,0.184756790250955
13353,0.184756790250955
48403,0.184756790250955
32656,0.0405371798060184
20873,0.0687238493723849
1757,0.0687238493723849
21412,0.0687238493723849
30221,0.184756790250955
4782,0.0687238493723849
5458,0.184756790250955
8721,0.184756790250955
35578,0.184756790250955
6788,0.0687238493723849
27405,0.0405371798060184
23654,0.0405371798060184
48108,0.184756790250955
11720,0.184756790250955
34650,0.184756790250955
14024,0.184756790250955
19128,0.184756790250955
31087,0.0687238493723849
34930,0.184756790250955
41964,0.184756790250955
39117,0.184756790250955
27324,0.0687238493723849
24662,0.0405371798060184
44494,0.0687238493723849
40454,0.0687238493723849
10127,0.0687238493723849
10216,0.0687238493723849
6708,0.0687238493723849
30396,0.184756790250955
22843,0.0687238493723849
497,0.184756790250955
29651,0.184756790250955
32910,0.184756790250955
34700,0.184756790250955
19703,0.0687238493723849
15802,0.184756790250955
22850,0.184756790250955
46362,0.184756790250955
3010,0.184756790250955
20970,0.184756790250955
32572,0.0687238493723849
9851,0.0405371798060184
8041,0.0405371798060184
20605,0.0687238493723849
11655,0.0687238493723849
46535,0.184756790250955
2450,0.0405371798060184
1623,0.0687238493723849
25445,0.0405371798060184
33201,0.0687238493723849
37886,0.0405371798060184
38057,0.0687238493723849
9648,0.0405371798060184
38119,0.0405371798060184
23030,0.184756790250955
6327,0.0687238493723849
27212,0.0687238493723849
1502,0.0687238493723849
40914,0.184756790250955
2274,0.0687238493723849
39830,0.184756790250955
32045,0.0687238493723849
45568,0.0405371798060184
10814,0.184756790250955
30952,0.0405371798060184
29427,0.0687238493723849
38286,0.0687238493723849
5168,0.184756790250955
47741,0.184756790250955
45380,0.184756790250955
5730,0.184756790250955
30273,0.0687238493723849
12379,0.184756790250955
35548,0.184756790250955
19515,0.184756790250955
34498,0.184756790250955
1459,0.0405371798060184
10313,0.184756790250955
4532,0.0687238493723849
28229,0.184756790250955
27232,0.0687238493723849
37006,0.0687238493723849
4303,0.0687238493723849
31706,0.0687238493723849
14857,0.0687238493723849
11761,0.184756790250955
28779,0.0687238493723849
1636,0.0687238493723849
39805,0.0687238493723849
186,0.184756790250955
39650,0.184756790250955
34358,0.184756790250955
20015,0.0687238493723849
44199,0.0687238493723849
6647,0.0687238493723849
12022,0.0687238493723849
12559,0.0405371798060184
40603,0.0687238493723849
37577,0.0687238493723849
22842,0.0687238493723849
18811,0.184756790250955
33095,0.0687238493723849
9078,0.0687238493723849
18741,0.0687238493723849
2504,0.0405371798060184
42090,0.0687238493723849
36360,0.0687238493723849
38961,0.184756790250955
29229,0.0687238493723849
12621,0.184756790250955
37780,0.184756790250955
29089,0.184756790250955
17222,0.184756790250955
27336,0.0687238493723849
30628,0.0687238493723849
10825,0.0687238493723849
15259,0.0687238493723849
7985,0.0687238493723849
9196,0.0687238493723849
5554,0.0687238493723849
42745,0.0405371798060184
9230,0.184756790250955
26362,0.184756790250955
45392,0.0405371798060184
38973,0.184756790250955
27602,0.0405371798060184
3200,0.184756790250955
6747,0.0687238493723849
37628,0.184756790250955
41856,0.0687238493723849
17701,0.0687238493723849
2523,0.0405371798060184
3640,0.0405371798060184
32876,0.184756790250955
30076,0.0687238493723849
39133,0.0405371798060184
26255,0.0687238493723849
37949,0.184756790250955
1434,0.0687238493723849
18270,0.184756790250955
3813,0.184756790250955
5816,0.0687238493723849
28964,0.0687238493723849
25099,0.0687238493723849
24807,0.0687238493723849
37695,0.0405371798060184
43134,0.0405371798060184
38089,0.0405371798060184
27911,0.184756790250955
12244,0.0405371798060184
34483,0.184756790250955
44140,0.184756790250955
46096,0.0687238493723849
14346,0.0405371798060184
14510,0.0405371798060184
30404,0.184756790250955
45539,0.0405371798060184
26348,0.0405371798060184
43959,0.0687238493723849
7480,0.0687238493723849
23282,0.0687238493723849
6473,0.0687238493723849
16123,0.0687238493723849
16923,0.184756790250955
16866,0.184756790250955
40423,0.184756790250955
41406,0.184756790250955
1464,0.0687238493723849
19855,0.184756790250955
16769,0.184756790250955
15958,0.0405371798060184
23086,0.0687238493723849
2545,0.184756790250955
14183,0.184756790250955
39141,0.0405371798060184
12201,0.0687238493723849
34662,0.184756790250955
41126,0.0687238493723849
45254,0.0405371798060184
31646,0.0687238493723849
38728,0.184756790250955
20134,0.0687238493723849
40364,0.0687238493723849
2832,0.184756790250955
1056,0.0687238493723849
6573,0.0687238493723849
29797,0.184756790250955
40142,0.184756790250955
28161,0.0687238493723849
23853,0.184756790250955
35159,0.184756790250955
41626,0.184756790250955
25893,0.0687238493723849
27220,0.0687238493723849
18300,0.184756790250955
29655,0.184756790250955
39729,0.0687238493723849
22908,0.0405371798060184
32451,0.0687238493723849
46703,0.184756790250955
4271,0.184756790250955
11686,0.184756790250955
3613,0.0687238493723849
31281,0.184756790250955
6492,0.0405371798060184
31278,0.184756790250955
3379,0.0687238493723849
45292,0.184756790250955
18729,0.0687238493723849
4969,0.0687238493723849
42361,0.0687238493723849
39777,0.0405371798060184
10713,0.0687238493723849
4356,0.0687238493723849
31618,0.0687238493723849
27455,0.0405371798060184
9967,0.0687238493723849
48135,0.184756790250955
43337,0.0405371798060184
46863,0.0687238493723849
20709,0.0687238493723849
32158,0.0687238493723849
32991,0.184756790250955
38101,0.0687238493723849
26461,0.0405371798060184
22315,0.0405371798060184
9093,0.0405371798060184
21042,0.0687238493723849
33743,0.0405371798060184
11810,0.0687238493723849
18388,0.184756790250955
17282,0.0405371798060184
38118,0.0405371798060184
14797,0.0687238493723849
3989,0.0405371798060184
34879,0.0687238493723849
4650,0.184756790250955
11002,0.184756790250955
18041,0.184756790250955
29611,0.184756790250955
9050,0.0405371798060184
30601,0.0687238493723849
47734,0.0405371798060184
8432,0.0687238493723849
3240,0.0687238493723849
38725,0.184756790250955
46554,0.184756790250955
38284,0.0405371798060184
516,0.184756790250955
424,0.0687238493723849
10899,0.0405371798060184
13375,0.0687238493723849
41809,0.0687238493723849
33612,0.0687238493723849
30936,0.0405371798060184
48010,0.184756790250955
36304,0.0687238493723849
4839,0.0687238493723849
13986,0.0687238493723849
3255,0.0687238493723849
34227,0.184756790250955
43819,0.0687238493723849
19509,0.184756790250955
19643,0.0687238493723849
43431,0.184756790250955
8521,0.184756790250955
10243,0.0687238493723849
37054,0.0405371798060184
27188,0.0687238493723849
40386,0.0405371798060184
11262,0.0687238493723849
22269,0.184756790250955
1482,0.0405371798060184
37926,0.0687238493723849
610,0.0687238493723849
5992,0.0687238493723849
22381,0.0405371798060184
35059,0.0405371798060184
14585,0.0687238493723849
47894,0.0687238493723849
33166,0.184756790250955
14399,0.184756790250955
22767,0.184756790250955
22840,0.184756790250955
22847,0.0405371798060184
22056,0.0687238493723849
16448,0.184756790250955
42765,0.184756790250955
29508,0.184756790250955
22514,0.184756790250955
36752,0.184756790250955
43214,0.0687238493723849
8759,0.184756790250955
4634,0.0687238493723849
5888,0.0687238493723849
25063,0.0687238493723849
29112,0.0687238493723849
1954,0.0687238493723849
3097,0.0687238493723849
4033,0.184756790250955
3478,0.184756790250955
233,0.184756790250955
8171,0.184756790250955
33044,0.184756790250955
25195,0.184756790250955
28261,0.184756790250955
22636,0.0405371798060184
23588,0.184756790250955
22456,0.184756790250955
20426,0.184756790250955
18511,0.184756790250955
42960,0.184756790250955
36720,0.0687238493723849
8390,0.184756790250955
25879,0.184756790250955
24271,0.184756790250955
21837,0.184756790250955
27589,0.184756790250955
19938,0.184756790250955
6326,0.184756790250955
22202,0.184756790250955
11614,0.184756790250955
13508,0.184756790250955
19711,0.0687238493723849
23280,0.0687238493723849
13735,0.184756790250955
41464,0.0687238493723849
44693,0.184756790250955
5188,0.0687238493723849
38503,0.0687238493723849
28065,0.184756790250955
35776,0.0405371798060184
40592,0.184756790250955
4400,0.184756790250955
19151,0.184756790250955
18087,0.184756790250955
25719,0.184756790250955
42699,0.184756790250955
45117,0.184756790250955
47632,0.184756790250955
46301,0.184756790250955
20356,0.184756790250955
20528,0.184756790250955
34072,0.184756790250955
23570,0.184756790250955
33597,0.184756790250955
25430,0.0687238493723849
35093,0.0405371798060184
34776,0.0405371798060184
25454,0.184756790250955
12984,0.0687238493723849
43437,0.184756790250955
25431,0.184756790250955
20074,0.0687238493723849
10969,0.184756790250955
11051,0.0687238493723849
48294,0.184756790250955
44670,0.0687238493723849
42889,0.184756790250955
32333,0.0687238493723849
17070,0.184756790250955
25746,0.184756790250955
45120,0.184756790250955
36786,0.0405371798060184
10932,0.184756790250955
21068,0.184756790250955
7390,0.184756790250955
2384,0.0687238493723849
19005,0.184756790250955
18275,0.184756790250955
43377,0.184756790250955
18870,0.184756790250955
5870,0.184756790250955
16083,0.0687238493723849
19774,0.184756790250955
31862,0.184756790250955
21717,0.0405371798060184
47074,0.184756790250955
26611,0.0687238493723849
38450,0.184756790250955
30123,0.0687238493723849
44521,0.0687238493723849
2302,0.184756790250955
6810,0.184756790250955
43253,0.184756790250955
17220,0.184756790250955
42974,0.0687238493723849
24616,0.184756790250955
27971,0.184756790250955
34056,0.184756790250955
8517,0.184756790250955
16569,0.184756790250955
27462,0.184756790250955
6725,0.0687238493723849
559,0.184756790250955
37032,0.184756790250955
28164,0.0687238493723849
30461,0.0687238493723849
28010,0.184756790250955
20144,0.184756790250955
4449,0.0687238493723849
42887,0.184756790250955
8072,0.0687238493723849
19174,0.184756790250955
31830,0.184756790250955
21963,0.0405371798060184
47157,0.0405371798060184
42518,0.184756790250955
10793,0.184756790250955
44459,0.0687238493723849
44367,0.0687238493723849
10994,0.0405371798060184
3744,0.184756790250955
34579,0.184756790250955
35626,0.0687238493723849
47716,0.184756790250955
34466,0.0687238493723849
30039,0.0687238493723849
43674,0.184756790250955
14581,0.0687238493723849
20717,0.0405371798060184
19033,0.184756790250955
30489,0.0687238493723849
30428,0.0687238493723849
5110,0.184756790250955
28551,0.184756790250955
19997,0.184756790250955
46174,0.184756790250955
42670,0.184756790250955
39156,0.0405371798060184
28077,0.184756790250955
41180,0.184756790250955
38397,0.0687238493723849
43903,0.0687238493723849
20810,0.184756790250955
41430,0.184756790250955
10990,0.184756790250955
25518,0.184756790250955
23521,0.184756790250955
41492,0.184756790250955
39560,0.184756790250955
24628,0.0687238493723849
26770,0.184756790250955
46127,0.184756790250955
29332,0.0687238493723849
48187,0.184756790250955
23101,0.184756790250955
47352,0.0687238493723849
18365,0.0687238493723849
22545,0.184756790250955
38880,0.0405371798060184
20691,0.184756790250955
21285,0.0687238493723849
26375,0.184756790250955
29464,0.184756790250955
28004,0.184756790250955
13528,0.184756790250955
7471,0.0687238493723849
16629,0.184756790250955
16653,0.0687238493723849
34744,0.184756790250955
27050,0.0687238493723849
7371,0.0687238493723849
35558,0.0687238493723849
18864,0.184756790250955
2253,0.0687238493723849
40285,0.0687238493723849
18593,0.184756790250955
19961,0.184756790250955
5319,0.184756790250955
6642,0.184756790250955
42489,0.184756790250955
21481,0.0687238493723849
38809,0.184756790250955
27840,0.0687238493723849
29159,0.184756790250955
28227,0.184756790250955
37686,0.0405371798060184
18332,0.184756790250955
24249,0.184756790250955
27689,0.184756790250955
22110,0.184756790250955
28163,0.0687238493723849
19122,0.184756790250955
25213,0.184756790250955
32396,0.0405371798060184
46364,0.184756790250955
23552,0.184756790250955
5403,0.184756790250955
35327,0.184756790250955
9658,0.0687238493723849
25207,0.184756790250955
31985,0.184756790250955
25314,0.184756790250955
32944,0.184756790250955
44015,0.184756790250955
46584,0.184756790250955
2636,0.0687238493723849
28438,0.184756790250955
37491,0.184756790250955
47830,0.184756790250955
47626,0.184756790250955
46544,0.184756790250955
18945,0.0687238493723849
45617,0.0687238493723849
19101,0.184756790250955
19822,0.184756790250955
30756,0.184756790250955
20820,0.184756790250955
18153,0.0687238493723849
6890,0.184756790250955
32598,0.0687238493723849
5874,0.0687238493723849
33337,0.184756790250955
34711,0.184756790250955
17075,0.184756790250955
25592,0.184756790250955
26266,0.0687238493723849
43631,0.0687238493723849
3095,0.0687238493723849
8586,0.0687238493723849
36308,0.184756790250955
18166,0.184756790250955
27463,0.184756790250955
31972,0.0687238493723849
5950,0.184756790250955
33923,0.0687238493723849
20220,0.184756790250955
17077,0.184756790250955
27858,0.0687238493723849
5869,0.184756790250955
10839,0.0687238493723849
27619,0.184756790250955
24619,0.184756790250955
18747,0.184756790250955
25137,0.184756790250955
16177,0.184756790250955
44923,0.184756790250955
40055,0.0405371798060184
26400,0.0687238493723849
32683,0.184756790250955
34865,0.184756790250955
13515,0.184756790250955
18072,0.0687238493723849
23964,0.0405371798060184
8456,0.184756790250955
31728,0.184756790250955
19967,0.184756790250955
45232,0.184756790250955
20189,0.184756790250955
18691,0.184756790250955
45657,0.184756790250955
19993,0.184756790250955
46564,0.184756790250955
24169,0.184756790250955
37187,0.184756790250955
35389,0.0687238493723849
27934,0.0687238493723849
22796,0.0687238493723849
45105,0.184756790250955
20987,0.0687238493723849
18995,0.184756790250955
19957,0.184756790250955
19713,0.184756790250955
46916,0.184756790250955
4615,0.184756790250955
43883,0.0687238493723849
33778,0.0405371798060184
6954,0.0405371798060184
8554,0.184756790250955
34726,0.184756790250955
7561,0.184756790250955
43291,0.0405371798060184
21810,0.184756790250955
19759,0.184756790250955
8376,0.184756790250955
36824,0.0687238493723849
